Filename,w,p,p 0.99,min entropy
urandom392-1MB.bin,12,0.5255253063036757,0.5268116345564229,0.9246408872361688
urandom61-1MB.bin,12,0.5255943071316855,0.526880626286169,0.9244519629549374
urandom115-1MB.bin,12,0.5257673092077105,0.5270536054423286,0.9239783922794692
urandom748-1MB.bin,12,0.5253623043476522,0.5266486539956013,0.9250872851712209
urandom763-1MB.bin,12,0.5250103001236015,0.5262966955058955,0.9260517583736503
urandom577-1MB.bin,12,0.5255423065076781,0.5268286325211103,0.9245943383710045
urandom494-1MB.bin,12,0.5254213050556606,0.5267076469752027,0.9249256895570328
urandom231-1MB.bin,12,0.5263853166237995,0.5276715297184527,0.9222879492226275
urandom926-1MB.bin,12,0.5255243062916755,0.5268106346761006,0.9246436254516082
urandom216-1MB.bin,12,0.5255963071556858,0.5268826260460843,0.924446487258748
urandom218-1MB.bin,12,0.5257773093277119,0.5270636042327493,0.9239510230168807
urandom24-1MB.bin,12,0.5258413100957211,0.5271275964791928,0.9237758720639029
urandom387-1MB.bin,12,0.5261213134557615,0.5274075623082528,0.9230098372487959
urandom437-1MB.bin,12,0.5256393076716921,0.5269256208792579,0.9243287648309366
urandom91-1MB.bin,12,0.5252713032556391,0.5265576647883743,0.9253365614545592
urandom260-1MB.bin,12,0.5256403076836922,0.5269266207589853,0.9243260272146613
urandom228-1MB.bin,12,0.5258713104557254,0.5271575928374196,0.923693777394057
urandom539-1MB.bin,12,0.525520306243675,0.5268066351547598,0.9246545783654784
urandom704-1MB.bin,12,0.5253793045516546,0.526665651974621,0.9250407218616751
urandom824-1MB.bin,12,0.5259433113197358,0.5272295840781687,0.9234967692959856
urandom217-1MB.bin,12,0.5258083096997164,0.5270946004797663,0.9238661816113487
urandom830-1MB.bin,12,0.5248252979035748,0.5261117170654971,0.926558914109379
urandom627-1MB.bin,12,0.5261963143557723,0.5274825530864541,0.9228047185877586
urandom757-1MB.bin,12,0.525826309915719,0.5271125982983337,0.923816921155479
urandom432-1MB.bin,12,0.5250123001476018,0.5262986952718517,0.9260462765855801
urandom837-1MB.bin,12,0.5257103085237023,0.526996612327053,0.9241344070185527
urandom877-1MB.bin,12,0.5252043024516294,0.5264906727073264,0.9255201221512445
urandom470-1MB.bin,12,0.5250053000636008,0.5262916960909146,0.9260654629352014
urandom10-1MB.bin,12,0.5261723140677688,0.5274585560405957,0.9228703533777244
urandom705-1MB.bin,12,0.5257833093997129,0.5270696035067535,0.9239346017092295
urandom396-1MB.bin,12,0.5259073108877307,0.5271935884611463,0.9235952699730279
urandom822-1MB.bin,12,0.5258033096397157,0.5270896010854224,0.9238798653706325
urandom146-1MB.bin,12,0.5253293039516475,0.5266156579144137,0.9251776770741373
urandom255-1MB.bin,12,0.5256953083437002,0.5269816141360294,0.9241754663407857
urandom180-1MB.bin,12,0.5256953083437002,0.5269816141360294,0.9241754663407857
urandom823-1MB.bin,12,0.5253273039276471,0.5266136581517364,0.9251831555538063
urandom451-1MB.bin,12,0.5253493041916503,0.5266356555400482,0.9251228934247511
urandom319-1MB.bin,12,0.5253513042156506,0.5266376553024978,0.9251174151745394
urandom407-1MB.bin,12,0.5254673056076673,0.5267536414891807,0.9247997123464928
urandom606-1MB.bin,12,0.5250293003516042,0.5263156932816438,0.9259996822302284
urandom322-1MB.bin,12,0.5256083072996875,0.5268946246051412,0.9244136335192326
urandom867-1MB.bin,12,0.525513306159674,0.5267996359922141,0.9246737461653893
urandom893-1MB.bin,12,0.5261023132277587,0.527388564639822,0.9230618052857205
urandom1-1MB.bin,12,0.5255043060516726,0.5267906370685688,0.9246983908547886
urandom139-1MB.bin,12,0.5259873118477422,0.5272735787120916,0.9233763887367558
urandom208-1MB.bin,12,0.5257583090997092,0.5270446065305077,0.9240030250609507
urandom191-1MB.bin,12,0.5256993083917006,0.5269856136537494,0.9241645170736197
urandom630-1MB.bin,12,0.5256923083076996,0.5269786144976849,0.9241836783458434
urandom671-1MB.bin,12,0.5250893010716129,0.5263756862454345,0.9258352436243351
urandom566-1MB.bin,12,0.5256443077316928,0.5269306202778434,0.9243150768016491
urandom469-1MB.bin,12,0.5248492981915783,0.5261357142785669,0.9264931108405552
urandom980-1MB.bin,12,0.5253173038076457,0.52660365933804,0.9252105482650645
urandom95-1MB.bin,12,0.5249562994755937,0.5262427018172597,0.9261997745469176
urandom410-1MB.bin,12,0.5258903106837282,0.5271765905285551,0.923641786525839
urandom187-1MB.bin,12,0.5252453029436354,0.5265316678641572,0.9254077911831133
urandom18-1MB.bin,12,0.5251273015276183,0.526413681779539,0.9257311088936528
urandom495-1MB.bin,12,0.5254943059316712,0.5267806382640271,0.9247257743381186
urandom301-1MB.bin,12,0.5250333003996048,0.5263196928131425,0.9259887190717878
urandom308-1MB.bin,12,0.5255043060516726,0.5267906370685688,0.9246983908547886
urandom3-1MB.bin,12,0.5253193038316459,0.5266056591008206,0.9252050696810907
urandom162-1MB.bin,12,0.5254823057876694,0.5267686396978941,0.924758635206083
urandom739-1MB.bin,12,0.525506306075673,0.5267926368294151,0.924692914220663
urandom502-1MB.bin,12,0.5256033072396868,0.5268896252056248,0.9244273224861937
urandom629-1MB.bin,12,0.5252323027876334,0.5265186694007374,0.9254434073698276
urandom318-1MB.bin,12,0.5255863070356844,0.5268726272463011,0.9244738659480922
urandom223-1MB.bin,12,0.5256783081396976,0.5269646161847955,0.9242220016558654
urandom550-1MB.bin,12,0.5255543066516798,0.5268406310835191,0.9245614812552404
urandom697-1MB.bin,12,0.5252533030396365,0.5265396669181348,0.9253858739679648
urandom895-1MB.bin,12,0.5256053072636871,0.5268916249654468,0.9244218468837804
urandom727-1MB.bin,12,0.525201302415629,0.5264876730613633,0.9255283418347218
urandom383-1MB.bin,12,0.5255863070356844,0.5268726272463011,0.9244738659480922
urandom135-1MB.bin,12,0.5259053108637304,0.5271915887044485,0.9236007424305953
urandom11-1MB.bin,12,0.525430305163662,0.5267166459027117,0.9249010409739715
urandom157-1MB.bin,12,0.5254853058236699,0.5267716393394972,0.9247504199187299
urandom943-1MB.bin,12,0.5254393052716633,0.5267256448298018,0.9248763928131739
urandom498-1MB.bin,12,0.5257553090637088,0.527041606893141,0.9240112360818298
urandom125-1MB.bin,12,0.5256553078636944,0.5269416189542764,0.9242849635955962
urandom302-1MB.bin,12,0.5256903082836994,0.5269766147387629,0.9241891530419211
urandom366-1MB.bin,12,0.5257443089317072,0.5270306082223978,0.9240413435593073
urandom78-1MB.bin,12,0.5254963059556714,0.5267826380249767,0.9247202975997586
urandom529-1MB.bin,12,0.5253633043596523,0.5266496538767614,0.9250845461112976
urandom516-1MB.bin,12,0.5254423053076637,0.526728644472072,0.9248681768534086
urandom419-1MB.bin,12,0.5256983083797006,0.5269846137743271,0.9241672543825995
urandom602-1MB.bin,12,0.5256273075276904,0.526913622322125,0.9243616166325483
urandom622-1MB.bin,12,0.5260383124597495,0.5273245724797886,0.9232368693269276
urandom445-1MB.bin,12,0.5260533126397516,0.5273395706441976,0.9231958367810545
urandom656-1MB.bin,12,0.525951311415737,0.5272375831032633,0.9234748811723998
urandom460-1MB.bin,12,0.5255013060156722,0.5267876374272606,0.924706605845064
urandom379-1MB.bin,12,0.5249492993915927,0.5262357026342954,0.9262189629435827
urandom645-1MB.bin,12,0.5255043060516726,0.5267906370685688,0.9246983908547886
urandom887-1MB.bin,12,0.5254593055116661,0.5267456424440575,0.9248216206342482
urandom894-1MB.bin,12,0.5254193050316603,0.526705647213477,0.9249311670772815
urandom4-1MB.bin,12,0.5254313051756621,0.5267176457835201,0.9248983022685864
urandom610-1MB.bin,12,0.5257693092317108,0.5270556052004541,0.9239729183853004
urandom588-1MB.bin,12,0.5253073036876442,0.5265936605238262,0.9252379414978604
urandom62-1MB.bin,12,0.5255573066876803,0.526843630724005,0.9245532670935407
urandom443-1MB.bin,12,0.5248742984915818,0.5261607113723471,0.9264245689689664
urandom581-1MB.bin,12,0.525541306495678,0.526827632640876,0.9245970764978554
urandom603-1MB.bin,12,0.5258993107917295,0.5271855894342308,0.9236171599281884
urandom998-1MB.bin,12,0.5256063072756874,0.5268926248453503,0.9244191090903878
urandom50-1MB.bin,12,0.5265013180158162,0.5277875152846644,0.9219708705019436
urandom819-1MB.bin,12,0.5256143073716885,0.5269006238843905,0.9243972069307955
urandom859-1MB.bin,12,0.525159301911623,0.5264456780129926,0.9256434223343502
urandom924-1MB.bin,12,0.5259753117037405,0.5272615801765604,0.9234092187994873
urandom270-1MB.bin,12,0.5248062976755721,0.5260927192697044,0.9266110104983212
urandom452-1MB.bin,12,0.525534306411677,0.5268206334790907,0.9246162435317182
urandom815-1MB.bin,12,0.5254423053076637,0.526728644472072,0.9248681768534086
urandom56-1MB.bin,12,0.525541306495678,0.526827632640876,0.9245970764978554
urandom833-1MB.bin,12,0.525743308919707,0.5270296083432082,0.9240440806339556
urandom760-1MB.bin,12,0.5260423125077501,0.5273285719904115,0.9232259272002732
urandom458-1MB.bin,12,0.5254923059076709,0.5267786385030566,0.9247312510973266
urandom726-1MB.bin,12,0.5251063012756153,0.5263926842484571,0.9257886561026064
urandom21-1MB.bin,12,0.5255443065316784,0.5268306322815635,0.9245888621329358
urandom534-1MB.bin,12,0.5254133049596595,0.5266996479281763,0.9249475997631477
urandom267-1MB.bin,12,0.5257093085117022,0.5269956124476877,0.9241371442702475
urandom618-1MB.bin,12,0.5258143097717173,0.5271005997528083,0.9238497612719944
urandom699-1MB.bin,12,0.5255613067356808,0.5268476302445803,0.9245423149508901
urandom468-1MB.bin,12,0.5258013096157154,0.5270876013276485,0.9238853389107863
urandom587-1MB.bin,12,0.5260913130957572,0.5273775659888242,0.9230918929019052
urandom650-1MB.bin,12,0.5253643043716525,0.5266506537579165,0.9250818070565884
urandom842-1MB.bin,12,0.5251333015996192,0.526419681073715,0.92571466725671
urandom313-1MB.bin,12,0.5259133109597315,0.5271995877311155,0.9235788527252135
urandom158-1MB.bin,12,0.525403304839658,0.5266896491189277,0.9249749879900047
urandom88-1MB.bin,12,0.5252513030156362,0.5265376671546714,0.9253913532404517
urandom596-1MB.bin,12,0.5252493029916359,0.5265356673911873,0.9253968325338054
urandom338-1MB.bin,12,0.5259723116677401,0.5272585805425613,0.9234174264322217
urandom269-1MB.bin,12,0.5258273099277191,0.5271135981770938,0.9238141845129376
urandom281-1MB.bin,12,0.5258103097237167,0.5270966002374676,0.923860708144075
urandom497-1MB.bin,12,0.5255263063156758,0.52681263443674,0.9246381490259407
urandom224-1MB.bin,12,0.5257863094357133,0.5270726031436858,0.923926391125687
urandom108-1MB.bin,12,0.5258003096037153,0.527086601448754,0.9238880756886715
urandom537-1MB.bin,12,0.5257023084277012,0.5269886132919852,0.9241563051779269
urandom454-1MB.bin,12,0.5254993059916719,0.5267856376663625,0.9247120825313067
urandom940-1MB.bin,12,0.5259253111037332,0.5272115862704955,0.9235460187915661
urandom303-1MB.bin,12,0.5254123049476593,0.5266986480472746,0.9249503385623725
urandom314-1MB.bin,12,0.525854310251723,0.5271405949016628,0.9237402971318486
urandom477-1MB.bin,12,0.5256423077076925,0.5269286205184247,0.9243205519977374
urandom48-1MB.bin,12,0.5251633019596235,0.5264496775418018,0.9256324618901834
urandom834-1MB.bin,12,0.5256363076356916,0.5269226212400444,0.9243369777110171
urandom840-1MB.bin,12,0.5253293039516475,0.5266156579144137,0.9251776770741373
urandom793-1MB.bin,12,0.5252793033516402,0.5265656638412762,0.9253146453244347
urandom359-1MB.bin,12,0.5256473077676932,0.5269336199169327,0.9243068640465837
urandom818-1MB.bin,12,0.5257163085957032,0.5270026116031367,0.9241179836177409
urandom813-1MB.bin,12,0.5256093073116878,0.5268956244850291,0.924410895741469
urandom975-1MB.bin,12,0.5249672996075953,0.5262537005328345,0.9261696218691868
urandom394-1MB.bin,12,0.525424305091661,0.5267106466177521,0.9249174733157602
urandom58-1MB.bin,12,0.5260443125317504,0.5273305717456919,0.9232204561681523
urandom375-1MB.bin,12,0.5256983083797006,0.5269846137743271,0.9241672543825995
urandom291-1MB.bin,12,0.5258143097717173,0.5271005997528083,0.9238497612719944
urandom336-1MB.bin,12,0.5256573078876946,0.5269436187135605,0.9242794885349367
urandom391-1MB.bin,12,0.5252543030516367,0.5265406667998588,0.9253831343395462
urandom292-1MB.bin,12,0.5258393100717209,0.5271255967218123,0.9237813452084465
urandom147-1MB.bin,12,0.5246322955875471,0.5259187393687738,0.9270881915033646
urandom86-1MB.bin,12,0.5258513102157226,0.5271375952657857,0.9237485066534807
urandom549-1MB.bin,12,0.525784309411713,0.5270706033857361,0.9239318648428425
urandom570-1MB.bin,12,0.5250003000036001,0.5262866966758044,0.9260791676272917
urandom229-1MB.bin,12,0.5252133025596307,0.5264996716449365,0.9254954633825611
urandom896-1MB.bin,12,0.5252653031836382,0.5265516654984806,0.9253529987712358
urandom597-1MB.bin,12,0.5260073120877451,0.5272935762696549,0.9233216736301953
urandom234-1MB.bin,12,0.5255923071076853,0.5268786265262332,0.9244574386719662
urandom272-1MB.bin,12,0.5256293075516906,0.5269156220816988,0.9243561412801885
urandom500-1MB.bin,12,0.5251403016836202,0.5264266802500183,0.9256954855844088
urandom540-1MB.bin,12,0.5251853022236267,0.526471674948774,0.9255721809397008
urandom280-1MB.bin,12,0.5256643079716956,0.5269506178708924,0.9242603259866986
urandom876-1MB.bin,12,0.5253233038796465,0.5266096586263199,0.9251941125757264
urandom964-1MB.bin,12,0.5255253063036757,0.5268116345564229,0.9246408872361688
urandom465-1MB.bin,12,0.525465305583667,0.5267516417279309,0.924805189387157
urandom923-1MB.bin,12,0.5251693020316244,0.5264556768348607,0.9256160213804852
urandom447-1MB.bin,12,0.5252563030756369,0.5265426665632911,0.9253776550983592
urandom349-1MB.bin,12,0.5252973035676428,0.5265836617090952,0.9252653352522131
urandom427-1MB.bin,12,0.5257233086797042,0.5270096107583321,0.9240988232204006
urandom80-1MB.bin,12,0.525798309579715,0.5270846016909492,0.9238935492600598
urandom485-1MB.bin,12,0.5254543054516654,0.5267406430406876,0.9248353134835025
urandom601-1MB.bin,12,0.5259923119077429,0.5272785781016764,0.9233627097650425
urandom942-1MB.bin,12,0.5258213098557183,0.5271075989044554,0.9238306044462656
urandom921-1MB.bin,12,0.525118301419617,0.526404682837926,0.9257557717013601
urandom552-1MB.bin,12,0.5258143097717173,0.5271005997528083,0.9238497612719944
urandom758-1MB.bin,12,0.5257733092797113,0.527059604716643,0.92396197065944
urandom182-1MB.bin,12,0.5256673080076961,0.5269536175096713,0.924252113544153
urandom244-1MB.bin,12,0.5255123061476737,0.5267986361118298,0.9246764844433654
urandom976-1MB.bin,12,0.5251483017796214,0.5264346793083402,0.9256735639863403
urandom868-1MB.bin,12,0.5253633043596523,0.5266496538767614,0.9250845461112976
urandom41-1MB.bin,12,0.525951311415737,0.5272375831032633,0.9234748811723998
urandom159-1MB.bin,12,0.5254943059316712,0.5267806382640271,0.9247257743381186
urandom194-1MB.bin,12,0.525895310743729,0.527181589920649,0.9236281050306601
urandom918-1MB.bin,12,0.5256023072276867,0.5268886253257059,0.9244300602952151
urandom284-1MB.bin,12,0.5253353040236483,0.5266216572023212,0.9251612417602931
urandom434-1MB.bin,12,0.5254763057156686,0.5267626404145485,0.9247750659215163
urandom651-1MB.bin,12,0.5257253087037045,0.5270116105169128,0.9240933488680267
urandom702-1MB.bin,12,0.5252453029436354,0.5265316678641572,0.9254077911831133
urandom746-1MB.bin,12,0.5254403052836634,0.5267266447105636,0.924873654154706
urandom461-1MB.bin,12,0.5253553042636512,0.5266416548273352,0.925106458736692
urandom310-1MB.bin,12,0.5252893034716417,0.5265756626569381,0.9252872506312295
urandom954-1MB.bin,12,0.5256873082476989,0.5269736151003408,0.9241973651250982
urandom969-1MB.bin,11,0.5182327005597062,0.51951985101098,0.9447492188898504
urandom69-1MB.bin,12,0.5256073072876875,0.5268936247252484,0.9244163713022053
urandom526-1MB.bin,12,0.5256173074076889,0.5269036235239453,0.9243889937069055
urandom77-1MB.bin,12,0.5257283087397049,0.5270146101547452,0.9240851373785204
urandom274-1MB.bin,12,0.5253213038556462,0.5266076588635805,0.9251995911179782
urandom797-1MB.bin,12,0.5249902998835986,0.526276697845196,0.9261065774030999
urandom724-1MB.bin,12,0.5250773009276112,0.5263636876541659,0.9258681298420465
urandom714-1MB.bin,12,0.5260323123877486,0.527318573213699,0.923253282672943
urandom684-1MB.bin,12,0.5255423065076781,0.5268286325211103,0.9245943383710045
urandom377-1MB.bin,12,0.5256163073956888,0.5269026236440989,0.9243917314429926
urandom20-1MB.bin,12,0.5251963023556283,0.5264826736513214,0.925542041411538
urandom256-1MB.bin,12,0.5251623019476234,0.5264486776596072,0.9256352019933975
urandom523-1MB.bin,12,0.5259493113917367,0.5272355833470207,0.9234803531720789
urandom480-1MB.bin,12,0.5254923059076709,0.5267786385030566,0.9247312510973266
urandom446-1MB.bin,12,0.5256783081396976,0.5269646161847955,0.9242220016558654
urandom817-1MB.bin,12,0.5253183038196458,0.5266046592194329,0.9252078089704698
urandom413-1MB.bin,12,0.5256513078156938,0.5269376194356459,0.92429591377942
urandom604-1MB.bin,12,0.5260183122197466,0.5273045749254326,0.9232915812084905
urandom536-1MB.bin,12,0.5254893058716704,0.5267756388615621,0.9247394662752279
urandom845-1MB.bin,12,0.5247792973515683,0.5260657223987876,0.9266850454540032
urandom254-1MB.bin,12,0.5262813153757845,0.5275675425999027,0.9225722861177813
urandom316-1MB.bin,12,0.525757309087709,0.5270436066513905,0.924005762062704
urandom397-1MB.bin,12,0.5259273111277335,0.5272135860269864,0.923540546542139
urandom905-1MB.bin,12,0.5249782997395969,0.5262646992477835,0.9261394698233566
urandom690-1MB.bin,12,0.5253323039876479,0.5266186575583908,0.9251694593937473
urandom475-1MB.bin,12,0.5254493053916647,0.5267356436371883,0.9248490064630732
urandom286-1MB.bin,12,0.5254593055116661,0.5267456424440575,0.9248216206342482
urandom640-1MB.bin,12,0.5251983023796285,0.5264846734153537,0.9255365615651584
urandom736-1MB.bin,12,0.5256743080916971,0.526960616666641,0.924232951360508
urandom686-1MB.bin,12,0.525076300915611,0.5263626877715265,0.9258708703941195
urandom459-1MB.bin,12,0.5253313039756478,0.5266176576770702,0.9251721986153288
urandom31-1MB.bin,12,0.5253793045516546,0.526665651974621,0.9250407218616751
urandom312-1MB.bin,12,0.5255643067716813,0.5268506298849575,0.9245341008986128
urandom106-1MB.bin,12,0.525410304923659,0.5266966482854559,0.9249558161764626
urandom752-1MB.bin,12,0.525785309423713,0.5270716032647134,0.9239291279816622
urandom155-1MB.bin,12,0.5254223050676609,0.5267086468560577,0.9249229508047287
urandom315-1MB.bin,12,0.5258653103837246,0.5271515935661467,0.9237101959532918
urandom945-1MB.bin,12,0.5258383100597207,0.5271245968431142,0.9237840817885258
urandom55-1MB.bin,12,0.525111301335616,0.5263976836608263,0.9257749541774135
urandom205-1MB.bin,12,0.5255423065076781,0.5268286325211103,0.9245943383710045
urandom81-1MB.bin,12,0.5251633019596235,0.5264496775418018,0.9256324618901834
urandom167-1MB.bin,12,0.5262213146557758,0.5275075500060543,0.9227363521986411
urandom900-1MB.bin,12,0.5253603043236519,0.5266466542332654,0.9250927633067114
urandom148-1MB.bin,12,0.5253553042636512,0.5266416548273352,0.925106458736692
urandom378-1MB.bin,12,0.5253853046236555,0.526671651260977,0.9250242881122043
urandom246-1MB.bin,12,0.5255083060996733,0.5267946365902407,0.924687437607384
urandom967-1MB.bin,12,0.5251053012636152,0.5263916843659677,0.9257913965033036
urandom841-1MB.bin,12,0.5253503042036505,0.5266366554212757,0.9251201542970376
urandom249-1MB.bin,12,0.5253933047196566,0.526679650309162,0.9250023767382282
urandom621-1MB.bin,12,0.5251883022596271,0.5264746745949853,0.925563961005769
urandom908-1MB.bin,12,0.5254603055236663,0.5267466423247161,0.9248188820800347
urandom632-1MB.bin,12,0.5258233098797186,0.5271095986620222,0.9238251311143348
urandom84-1MB.bin,12,0.5259763117157406,0.5272625800545497,0.9234064829323141
urandom847-1MB.bin,12,0.5251883022596271,0.5264746745949853,0.925563961005769
urandom293-1MB.bin,12,0.5256613079356952,0.5269476182320669,0.9242685384761207
urandom791-1MB.bin,12,0.5262313147757773,0.5275175487729892,0.9227090065525726
urandom849-1MB.bin,12,0.5249062988755865,0.5261927076476697,0.9263368401377302
urandom352-1MB.bin,12,0.5255943071316855,0.526880626286169,0.9244519629549374
urandom372-1MB.bin,12,0.5248942987315848,0.5261807090450443,0.926369737822585
urandom741-1MB.bin,12,0.5257393088717065,0.5270256088263986,0.9240550289846173
urandom904-1MB.bin,12,0.5258243098917187,0.5271105985407979,0.9238223944561775
urandom382-1MB.bin,12,0.5257373088477062,0.5270236090679628,0.9240605031911903
urandom210-1MB.bin,12,0.5249462993555922,0.526232702984376,0.9262271866204934
urandom436-1MB.bin,12,0.5251753021036253,0.5264616761277334,0.9255995810586459
urandom641-1MB.bin,12,0.5258243098917187,0.5271105985407979,0.9238223944561775
urandom605-1MB.bin,12,0.5254063048756585,0.5266926487617566,0.9249667714672049
urandom994-1MB.bin,12,0.5254813057756693,0.5267676398173494,0.9247613736456249
urandom252-1MB.bin,12,0.5256583078996948,0.526944618593195,0.9242767510124196
urandom264-1MB.bin,12,0.525354304251651,0.5266406549461335,0.9251091978383319
urandom652-1MB.bin,12,0.5246792961515538,0.5259657339551479,0.9269592821820939
urandom573-1MB.bin,12,0.5254183050196602,0.5267046473326066,0.9249339058452255
urandom861-1MB.bin,12,0.5253293039516475,0.5266156579144137,0.9251776770741373
urandom638-1MB.bin,12,0.5253883046596559,0.5266746509040852,0.9250160713078587
urandom725-1MB.bin,12,0.526173314079769,0.527459555917566,0.9228676185350285
urandom810-1MB.bin,12,0.5252853034236411,0.5265716631307354,0.9252982084459194
urandom202-1MB.bin,12,0.5255473065676788,0.5268336319222044,0.9245806478149139
urandom783-1MB.bin,12,0.5255873070476845,0.5268736271263027,0.924471128055713
urandom450-1MB.bin,12,0.5253373040476486,0.5266236569649158,0.9251557633640652
urandom222-1MB.bin,12,0.5254003048036576,0.5266866494760523,0.9249832045597274
urandom474-1MB.bin,12,0.5258603103237239,0.5271465941732771,0.9237238782291116
urandom576-1MB.bin,12,0.5249532994395932,0.5262397021674489,0.9262079981141529
urandom341-1MB.bin,12,0.525520306243675,0.5268066351547598,0.9246545783654784
urandom966-1MB.bin,12,0.5255153061836743,0.5268016357529673,0.9246682696250719
urandom74-1MB.bin,12,0.5257543090517086,0.5270406070140082,0.9240139730992033
urandom952-1MB.bin,12,0.5254843058116697,0.526770639458968,0.9247531583426357
urandom615-1MB.bin,12,0.524805297663572,0.5260917193856636,0.9266137524657826
urandom694-1MB.bin,12,0.5255633067596811,0.5268496300048369,0.924536838910828
urandom111-1MB.bin,12,0.5254053048636583,0.5266916488808188,0.9249695103029245
urandom668-1MB.bin,12,0.5251363016356196,0.5264226807207331,0.9257064465086959
urandom127-1MB.bin,12,0.5254213050556606,0.5267076469752027,0.9249256895570328
urandom963-1MB.bin,12,0.5253813045756549,0.5266676517367603,0.9250352439243286
urandom692-1MB.bin,12,0.5253533042396509,0.5266396550649269,0.9251119369451861
urandom700-1MB.bin,12,0.5257483089797077,0.527034607739104,0.9240303953127837
urandom52-1MB.bin,12,0.5253803045636548,0.5266666518556933,0.9250379828903947
urandom353-1MB.bin,12,0.5255713068556823,0.5268576290456566,0.9245149349589978
urandom119-1MB.bin,12,0.5253453041436498,0.5266316560150869,0.9251338499877515
urandom360-1MB.bin,12,0.5248522982275787,0.5261387139299911,0.9264848856435569
urandom648-1MB.bin,12,0.5255033060396724,0.5267896371881379,0.9247011291796688
urandom320-1MB.bin,12,0.5258233098797186,0.5271095986620222,0.9238251311143348
urandom562-1MB.bin,12,0.5249662995955952,0.5262527006496263,0.9261723629955959
urandom53-1MB.bin,12,0.5256983083797006,0.5269846137743271,0.9241672543825995
urandom546-1MB.bin,12,0.5253143037716452,0.5266006596938301,0.9252187661801412
urandom398-1MB.bin,12,0.5256423077076925,0.5269286205184247,0.9243205519977374
urandom299-1MB.bin,12,0.5256503078036936,0.5269366195559753,0.924298651338398
urandom488-1MB.bin,12,0.5253083036996444,0.5265946604052708,0.9252352021511111
urandom305-1MB.bin,12,0.5253363040356485,0.5266226570836211,0.9251585025595717
urandom852-1MB.bin,12,0.5260413124957499,0.5273275721127635,0.9232286627241353
urandom799-1MB.bin,12,0.5252653031836382,0.5265516654984806,0.9253529987712358
urandom582-1MB.bin,12,0.5254883058596703,0.5267746389810537,0.9247422046782852
urandom185-1MB.bin,12,0.5258353100237203,0.5271215972069889,0.9237922915599943
urandom198-1MB.bin,12,0.5253623043476522,0.5266486539956013,0.9250872851712209
urandom188-1MB.bin,12,0.5257173086077033,0.5270036114824658,0.9241152464024986
urandom471-1MB.bin,12,0.5255123061476737,0.5267986361118298,0.9246764844433654
urandom361-1MB.bin,12,0.5257563090757089,0.5270426067722683,0.9240084990696635
urandom128-1MB.bin,12,0.5256473077676932,0.5269336199169327,0.9243068640465837
urandom713-1MB.bin,12,0.5251013012156146,0.5263876848359585,0.9258023581582884
urandom118-1MB.bin,12,0.5252883034596415,0.5265746627753952,0.925289990077078
urandom66-1MB.bin,12,0.5254313051756621,0.5267176457835201,0.9248983022685864
urandom230-1MB.bin,12,0.5251723020676248,0.5264586764813203,0.9256078011960837
urandom673-1MB.bin,12,0.5256993083917006,0.5269856136537494,0.9241645170736197
urandom729-1MB.bin,12,0.5255463065556787,0.526832632041996,0.9245833859157101
urandom937-1MB.bin,12,0.5250593007116086,0.5263456897658664,0.9259174605780608
urandom662-1MB.bin,12,0.5252943035316424,0.5265806620645751,0.9252735534802254
urandom97-1MB.bin,12,0.525840310083721,0.5271265966005052,0.9237786086335719
urandom930-1MB.bin,12,0.525361304335652,0.5266476541144359,0.925090024236359
urandom89-1MB.bin,12,0.525382304587655,0.5266686516178223,0.9250325049634763
urandom782-1MB.bin,12,0.5253183038196458,0.5266046592194329,0.9252078089704698
urandom472-1MB.bin,12,0.5253943047316568,0.5266806501901619,0.9249996378399437
urandom931-1MB.bin,12,0.5256543078516942,0.5269406190746265,0.924287701133739
urandom479-1MB.bin,12,0.5254773057276687,0.5267636402951189,0.9247723274559139
urandom657-1MB.bin,12,0.5249682996195955,0.5262547004160376,0.926166880748
urandom248-1MB.bin,12,0.5255893070716848,0.5268756268862904,0.9244656522865844
urandom105-1MB.bin,12,0.5254213050556606,0.5267076469752027,0.9249256895570328
urandom288-1MB.bin,12,0.5256543078516942,0.5269406190746265,0.924287701133739
urandom287-1MB.bin,12,0.5252433029196351,0.5265296681006111,0.9254132705390679
urandom517-1MB.bin,12,0.525743308919707,0.5270296083432082,0.9240440806339556
urandom521-1MB.bin,12,0.5253603043236519,0.5266466542332654,0.9250927633067114
urandom203-1MB.bin,12,0.5255303063636764,0.5268166339579567,0.9246271962371402
urandom160-1MB.bin,12,0.5256763081156974,0.5269626164257286,0.92422747649777
urandom33-1MB.bin,12,0.5250493005916071,0.5263356909383095,0.9259448672733741
urandom418-1MB.bin,12,0.5254603055236663,0.5267466423247161,0.9248188820800347
urandom324-1MB.bin,12,0.5255783069396833,0.5268646282061022,0.9244957692746897
urandom917-1MB.bin,12,0.5254853058236699,0.5267716393394972,0.9247504199187299
urandom753-1MB.bin,12,0.5259153109837318,0.5272015874877306,0.923573380350904
urandom442-1MB.bin,12,0.5253523042276508,0.526638655183715,0.9251146760572553
urandom563-1MB.bin,12,0.525798309579715,0.5270846016909492,0.9238935492600598
urandom717-1MB.bin,12,0.5253953047436569,0.5266816500711565,0.9249968989468731
urandom579-1MB.bin,12,0.5258453101437217,0.5271315959938921,0.9237649258372749
urandom64-1MB.bin,12,0.525146301755621,0.5264326795437907,0.9256790443545448
urandom357-1MB.bin,12,0.5253853046236555,0.526671651260977,0.9250242881122043
urandom785-1MB.bin,12,0.5256793081516978,0.5269656160643214,0.9242192642427249
urandom388-1MB.bin,12,0.5251823021876263,0.5264686753025162,0.9255804009205945
urandom337-1MB.bin,12,0.5254913058956707,0.5267776386225635,0.9247339894847486
urandom843-1MB.bin,12,0.5257203086437037,0.5270066111204221,0.9241070347880166
urandom181-1MB.bin,12,0.5254693056316676,0.5267556412504097,0.9247942353266784
urandom19-1MB.bin,12,0.5258163097957176,0.5271025995104477,0.9238442878671872
urandom334-1MB.bin,12,0.5253463041556499,0.5266326558963349,0.9251311108391793
urandom37-1MB.bin,12,0.5247232966795602,0.5260097288767202,0.9268386115819589
urandom412-1MB.bin,12,0.525785309423713,0.5270716032647134,0.9239291279816622
urandom709-1MB.bin,12,0.5251953023436281,0.5264816737692974,0.9255447813425546
urandom720-1MB.bin,12,0.5249992999915999,0.5262856967927668,0.9260819085813748
urandom584-1MB.bin,12,0.5256243074916899,0.5269106226827254,0.9243698297001578
urandom773-1MB.bin,12,0.525389304671656,0.5266756507851108,0.9250133323835049
urandom329-1MB.bin,12,0.5261313135757629,0.527417561080361,0.9229824864043459
urandom504-1MB.bin,12,0.5256503078036936,0.5269366195559753,0.924298651338398
urandom532-1MB.bin,12,0.5254053048636583,0.5266916488808188,0.9249695103029245
urandom484-1MB.bin,12,0.52548630583567,0.5267726392200212,0.9247476815000364
urandom79-1MB.bin,12,0.5259893118717425,0.527275578467941,0.9233709171324642
urandom944-1MB.bin,12,0.5258513102157226,0.5271375952657857,0.9237485066534807
urandom325-1MB.bin,12,0.5251103013236159,0.5263966837783628,0.9257776945520131
urandom885-1MB.bin,12,0.5256303075636908,0.526916621961478,0.9243534036118222
urandom683-1MB.bin,12,0.5257883094597136,0.5270746029016147,0.923920917429356
urandom404-1MB.bin,12,0.5257453089437073,0.5270316081015821,0.924038606489866
urandom257-1MB.bin,12,0.5251443017316207,0.5264306797792205,0.9256845247436243
urandom499-1MB.bin,12,0.525798309579715,0.5270846016909492,0.9238935492600598
urandom67-1MB.bin,12,0.525166301995624,0.5264526771883545,0.9256242416118516
urandom411-1MB.bin,12,0.5260753129037549,0.527361567949892,0.9231356578304845
urandom925-1MB.bin,12,0.5260853130237563,0.5273715667243798,0.9231083045941164
urandom233-1MB.bin,12,0.5254743056916683,0.5267606406533918,0.9247805428683584
urandom719-1MB.bin,12,0.5256553078636944,0.5269416189542764,0.9242849635955962
urandom722-1MB.bin,12,0.525923311079733,0.527209586513984,0.9235514910618061
urandom854-1MB.bin,12,0.5255803069636835,0.5268666279661829,0.9244902934117798
urandom250-1MB.bin,12,0.5250103001236015,0.5262966955058955,0.9260517583736503
urandom874-1MB.bin,12,0.525590307083685,0.5268766267662764,0.9244629144098352
urandom862-1MB.bin,12,0.525534306411677,0.5268206334790907,0.9246162435317182
urandom770-1MB.bin,12,0.5251493017916214,0.5264356791906072,0.9256708238100662
urandom595-1MB.bin,12,0.5257303087637052,0.5270166099132741,0.9240796630782192
urandom698-1MB.bin,12,0.5247922975075701,0.5260787208926625,0.9266493985183131
urandom124-1MB.bin,12,0.5253983047796573,0.5266846497141094,0.9249886822989445
urandom679-1MB.bin,12,0.5257263087157046,0.5270126103961954,0.9240906116996508
urandom767-1MB.bin,12,0.5255153061836743,0.5268016357529673,0.9246682696250719
urandom593-1MB.bin,12,0.5256543078516942,0.5269406190746265,0.924287701133739
urandom85-1MB.bin,12,0.5254343052116626,0.5267206454259146,0.9248900861837088
urandom771-1MB.bin,12,0.5251783021396257,0.5264646757740998,0.9255913609681725
urandom776-1MB.bin,12,0.5252563030756369,0.5265426665632911,0.9253776550983592
urandom232-1MB.bin,12,0.5257813093757125,0.5270676037487728,0.9239400754576217
urandom999-1MB.bin,12,0.5252893034716417,0.5265756626569381,0.9252872506312295
urandom296-1MB.bin,12,0.525424305091661,0.5267106466177521,0.9249174733157602
urandom365-1MB.bin,12,0.5256003072036864,0.5268866255658528,0.9244355359288868
urandom98-1MB.bin,12,0.5258633103597243,0.5271495938090144,0.9237156688480062
urandom696-1MB.bin,12,0.525604307251687,0.5268906250855384,0.9244245846823822
urandom276-1MB.bin,12,0.5255933071196854,0.5268796264062037,0.9244547008108469
urandom76-1MB.bin,12,0.5248922987075845,0.5261787092778677,0.9263752208431927
urandom835-1MB.bin,12,0.5253413040956492,0.5266276564900427,0.9251448066341891
urandom543-1MB.bin,12,0.5259683116197394,0.5272545810304898,0.9234283700153684
urandom897-1MB.bin,12,0.5254123049476593,0.5266986480472746,0.9249503385623725
urandom531-1MB.bin,12,0.5254913058956707,0.5267776386225635,0.9247339894847486
urandom965-1MB.bin,12,0.5259123109477314,0.5271985878528003,0.9235815889201734
urandom59-1MB.bin,12,0.5254073048876586,0.5266936486426892,0.9249640326366989
urandom342-1MB.bin,12,0.5259873118477422,0.5272735787120916,0.9233763887367558
urandom689-1MB.bin,12,0.5247072964875579,0.5259937307245794,0.9268824906292148
urandom505-1MB.bin,12,0.5255953071436857,0.5268816261661293,0.9244492251042375
urandom179-1MB.bin,12,0.5257773093277119,0.5270636042327493,0.9239510230168807
urandom263-1MB.bin,12,0.5256283075396905,0.5269146222019145,0.9243588789537638
urandom29-1MB.bin,12,0.5252513030156362,0.5265376671546714,0.9253913532404517
urandom881-1MB.bin,12,0.5256013072156865,0.5268876254457818,0.9244327981094463
urandom738-1MB.bin,12,0.5246932963195559,0.5259797323403704,0.9269208858933332
urandom1000-1MB.bin,12,0.5254073048876586,0.5266936486426892,0.9249640326366989
urandom259-1MB.bin,12,0.5251473017676213,0.5264336794260681,0.925676304167833
urandom75-1MB.bin,12,0.525389304671656,0.5266756507851108,0.9250133323835049
urandom423-1MB.bin,12,0.5251693020316244,0.5264556768348607,0.9256160213804852
urandom902-1MB.bin,12,0.5254523054276651,0.5267386432793033,0.9248407906596928
urandom578-1MB.bin,12,0.5251623019476234,0.5264486776596072,0.9256352019933975
urandom598-1MB.bin,12,0.5260013120157442,0.5272875770026032,0.9233380879436841
urandom979-1MB.bin,12,0.5256593079116949,0.5269456184728241,0.9242740134951115
urandom625-1MB.bin,12,0.5252193026316316,0.5265056709364438,0.925479024438224
urandom317-1MB.bin,12,0.525604307251687,0.5268906250855384,0.9244245846823822
urandom421-1MB.bin,12,0.5251743020916251,0.5264606762456008,0.9256023210992406
urandom922-1MB.bin,12,0.5260963131557579,0.527382565375719,0.9230782166347309
urandom541-1MB.bin,12,0.5254043048516582,0.5266906489998758,0.9249722491438577
urandom1-2GB.bin,12,0.5257533090397085,0.5270396071348705,0.924016710121783
urandom973-1MB.bin,12,0.5251933023196278,0.5264796740052341,0.9255502612202409
urandom544-1MB.bin,12,0.525361304335652,0.5266476541144359,0.925090024236359
urandom331-1MB.bin,12,0.5253633043596523,0.5266496538767614,0.9250845461112976
urandom806-1MB.bin,12,0.5254833057996696,0.5267696395784337,0.9247558967717531
urandom836-1MB.bin,12,0.5253583042996516,0.5266446544709088,0.92509824146306
urandom787-1MB.bin,12,0.5251313015756189,0.5264176813090103,0.9257201477814813
urandom779-1MB.bin,12,0.5254113049356592,0.5266976481663679,0.9249530773668108
urandom327-1MB.bin,12,0.5252103025236303,0.5264966719991131,0.9255036829251643
urandom947-1MB.bin,12,0.5251513018156218,0.5264376789551256,0.925665343473174
urandom737-1MB.bin,12,0.5252633031596379,0.5265496657351414,0.9253584779185257
urandom154-1MB.bin,12,0.5251483017796214,0.5264346793083402,0.9256735639863403
urandom195-1MB.bin,12,0.52548630583567,0.5267726392200212,0.9247476815000364
urandom400-1MB.bin,12,0.525368304419653,0.5266546532824847,0.9250708508898969
urandom168-1MB.bin,12,0.5259343112117345,0.5272205851745416,0.9235213938330478
urandom988-1MB.bin,12,0.5257963095557147,0.5270826019331236,0.9238990228522718
urandom992-1MB.bin,12,0.5254923059076709,0.5267786385030566,0.9247312510973266
urandom266-1MB.bin,12,0.5259253111037332,0.5272115862704955,0.9235460187915661
urandom339-1MB.bin,12,0.5251903022836274,0.5264766743591004,0.925558481075904
urandom221-1MB.bin,12,0.5256223074676896,0.5269086229230998,0.9243753051046103
urandom646-1MB.bin,12,0.5252393028716345,0.5265256685734566,0.9254242293135799
urandom126-1MB.bin,12,0.5251973023676284,0.5264836735333401,0.9255393014857393
urandom225-1MB.bin,12,0.525562306747681,0.5268486301247112,0.9245395769282538
urandom464-1MB.bin,12,0.5259033108397301,0.5271895889477299,0.9236062149089779
urandom12-1MB.bin,12,0.5260373124477494,0.52732357260212,0.9232396048715937
urandom564-1MB.bin,12,0.5259793117517411,0.527265579688487,0.9233982753620074
urandom90-1MB.bin,12,0.525729308751705,0.5270156100340122,0.9240824002257663
urandom617-1MB.bin,12,0.5251893022716273,0.5264756744770455,0.9255612210382275
urandom580-1MB.bin,12,0.5256353076236915,0.5269216213602963,0.9243397153481284
urandom586-1MB.bin,12,0.5253183038196458,0.5266046592194329,0.9252078089704698
urandom508-1MB.bin,12,0.525424305091661,0.5267106466177521,0.9249174733157602
urandom790-1MB.bin,12,0.5255283063396761,0.5268146341973587,0.9246326726211179
urandom781-1MB.bin,12,0.5251583018996228,0.5264446781307772,0.9256461624584384
urandom957-1MB.bin,12,0.5253703044436533,0.526656653044738,0.925065372837837
urandom332-1MB.bin,12,0.5251683020196243,0.5264546769526972,0.9256187614523889
urandom348-1MB.bin,12,0.5253323039876479,0.5266186575583908,0.9251694593937473
urandom948-1MB.bin,12,0.5255993071916863,0.5268856256859185,0.9244382737535373
urandom402-1MB.bin,12,0.5255863070356844,0.5268726272463011,0.9244738659480922
urandom294-1MB.bin,12,0.5252493029916359,0.5265356673911873,0.9253968325338054
urandom634-1MB.bin,12,0.5249202990435885,0.526206706016458,0.92629846045608
urandom889-1MB.bin,12,0.5251213014556174,0.5264076824851769,0.9257475507184844
urandom129-1MB.bin,12,0.5252733032796394,0.5265596645516308,0.9253310823907307
urandom997-1MB.bin,12,0.5256943083316999,0.5269806142565864,0.9241782036705971
urandom855-1MB.bin,12,0.5252453029436354,0.5265316678641572,0.9254077911831133
urandom420-1MB.bin,12,0.5254623055476666,0.5267486420860176,0.9248134049872461
urandom961-1MB.bin,12,0.5251303015636187,0.5264166814266502,0.9257228880516956
urandom99-1MB.bin,12,0.5256763081156974,0.5269626164257286,0.92422747649777
urandom51-1MB.bin,12,0.5251363016356196,0.5264226807207331,0.9257064465086959
urandom173-1MB.bin,12,0.5255613067356808,0.5268476302445803,0.9245423149508901
urandom545-1MB.bin,12,0.5254573054876659,0.5267436426827251,0.924827097758312
urandom962-1MB.bin,12,0.5253203038436461,0.5266066589822032,0.9252023303969268
urandom42-1MB.bin,12,0.5258203098437181,0.527106599025664,0.9238333411200395
urandom170-1MB.bin,12,0.5255393064716777,0.5268256328803917,0.9246025527671897
urandom73-1MB.bin,12,0.5258853106237275,0.5271715911363322,0.9236554681511181
urandom612-1MB.bin,12,0.5258763105157261,0.5271625922300047,0.9236800954044826
urandom858-1MB.bin,12,0.5256683080196962,0.5269546173892539,0.9242493760737215
urandom585-1MB.bin,12,0.5254643055716669,0.5267506418472984,0.9248079279153073
urandom426-1MB.bin,12,0.5255503066036793,0.526836631562799,0.924572433543789
urandom151-1MB.bin,12,0.525479305751669,0.5267656400562445,0.9247668505403451
urandom766-1MB.bin,12,0.5252443029316352,0.5265306679823867,0.9254105308584822
urandom112-1MB.bin,12,0.52555530666368,0.5268416309636862,0.92455874319613
urandom262-1MB.bin,12,0.5251843022116265,0.5264706750666932,0.9255749209281141
urandom453-1MB.bin,12,0.5252143025716308,0.5265006715268672,0.9254927235454617
urandom533-1MB.bin,12,0.5254273051276616,0.5267136462602553,0.9249092571214063
urandom919-1MB.bin,12,0.5250083000996012,0.5262946957399186,0.9260572401826064
urandom723-1MB.bin,12,0.5254343052116626,0.5267206454259146,0.9248900861837088
urandom844-1MB.bin,12,0.5254093049116589,0.5266956484045389,0.9249585549913277
urandom574-1MB.bin,12,0.5254623055476666,0.5267486420860176,0.9248134049872461
urandom289-1MB.bin,12,0.525881310575727,0.5271675916224606,0.9236664135450157
urandom57-1MB.bin,12,0.5254483053796646,0.5267346437564729,0.9248517450746254
urandom428-1MB.bin,12,0.5256363076356916,0.5269226212400444,0.9243369777110171
urandom132-1MB.bin,12,0.5252583030996372,0.5265446663267027,0.9253721758780385
urandom680-1MB.bin,12,0.5249172990075881,0.5262037063660887,0.926306684587391
urandom403-1MB.bin,12,0.5256263075156902,0.5269126224423303,0.9243643543165423
urandom245-1MB.bin,12,0.5251633019596235,0.5264496775418018,0.9256324618901834
urandom825-1MB.bin,12,0.5256063072756874,0.5268926248453503,0.9244191090903878
urandom47-1MB.bin,12,0.5251423017076204,0.5264286800146297,0.9256900051535789
urandom49-1MB.bin,12,0.525784309411713,0.5270706033857361,0.9239318648428425
urandom14-1MB.bin,12,0.5253453041436498,0.5266316560150869,0.9251338499877515
urandom554-1MB.bin,12,0.5253063036756441,0.5265926606423764,0.925240680849825
urandom429-1MB.bin,12,0.5253303039636475,0.5266166577957445,0.9251749378421257
urandom100-1MB.bin,12,0.5247632971595659,0.5260497242512803,0.9267289198180713
urandom848-1MB.bin,12,0.5257623091477098,0.5270486060469243,0.9239920771060044
urandom716-1MB.bin,12,0.5254353052236627,0.5267216453067023,0.924887347499176
urandom87-1MB.bin,12,0.5256813081756981,0.5269676158233573,0.9242137894320694
urandom145-1MB.bin,12,0.5253833045996552,0.526669651498879,0.9250297660078384
urandom482-1MB.bin,12,0.525854310251723,0.5271405949016628,0.9237402971318486
urandom290-1MB.bin,12,0.525424305091661,0.5267106466177521,0.9249174733157602
urandom65-1MB.bin,12,0.5256543078516942,0.5269406190746265,0.924287701133739
urandom373-1MB.bin,12,0.526153313839766,0.5274395583771779,0.9229223163766711
urandom649-1MB.bin,12,0.5257073084877019,0.5269936126889414,0.9241426187892604
urandom831-1MB.bin,12,0.5257443089317072,0.5270306082223978,0.9240413435593073
urandom273-1MB.bin,12,0.5256913082956995,0.5269776146182265,0.9241864156912784
urandom295-1MB.bin,12,0.5252063024756297,0.526492672471276,0.9255146423883476
urandom860-1MB.bin,12,0.5254613055356664,0.5267476422053694,0.9248161435310343
urandom978-1MB.bin,12,0.5250443005316063,0.5263306915243369,0.925958570816806
urandom891-1MB.bin,12,0.5252413028956348,0.5265276683370442,0.9254187499158901
urandom431-1MB.bin,12,0.5254423053076637,0.526728644472072,0.9248681768534086
urandom161-1MB.bin,12,0.525514306171674,0.5268006358725933,0.924671007892625
urandom5-1MB.bin,12,0.5254503054036649,0.5267366435178985,0.9248462678567335
urandom38-1MB.bin,12,0.5257723092677112,0.5270586048376036,0.9239647075830955
urandom886-1MB.bin,12,0.525076300915611,0.5263626877715265,0.9258708703941195
urandom762-1MB.bin,12,0.5262563150757809,0.5275425456880626,0.922640644711176
urandom800-1MB.bin,12,0.5251653019836238,0.5264516773061755,0.9256269816994105
urandom764-1MB.bin,12,0.5253623043476522,0.5266486539956013,0.9250872851712209
urandom144-1MB.bin,12,0.5256343076116914,0.5269206214805431,0.9243424529904487
urandom569-1MB.bin,12,0.5254743056916683,0.5267606406533918,0.9247805428683584
urandom60-1MB.bin,12,0.5257483089797077,0.527034607739104,0.9240303953127837
urandom71-1MB.bin,12,0.5252513030156362,0.5265376671546714,0.9253913532404517
urandom628-1MB.bin,12,0.5256453077436929,0.5269316201575449,0.9243123392114188
urandom712-1MB.bin,12,0.5257403088837066,0.5270266087056088,0.9240522918891414
urandom551-1MB.bin,12,0.5258143097717173,0.5271005997528083,0.9238497612719944
urandom971-1MB.bin,12,0.5257823093877126,0.5270686036277656,0.9239373385808227
urandom34-1MB.bin,12,0.525708308499702,0.526994612568317,0.9241398815271504
urandom733-1MB.bin,12,0.5254923059076709,0.5267786385030566,0.9247312510973266
urandom486-1MB.bin,12,0.5250323003876046,0.5263186929302754,0.9259914598535668
urandom28-1MB.bin,12,0.5257053084637016,0.5269916129301744,0.9241480933291041
urandom623-1MB.bin,12,0.5251983023796285,0.5264846734153537,0.9255365615651584
urandom368-1MB.bin,12,0.5256973083677005,0.5269836138948998,0.9241699916967869
urandom655-1MB.bin,12,0.5252893034716417,0.5265756626569381,0.9252872506312295
urandom46-1MB.bin,12,0.5256303075636908,0.526916621961478,0.9243534036118222
urandom935-1MB.bin,12,0.5257023084277012,0.5269886132919852,0.9241563051779269
urandom600-1MB.bin,12,0.5252633031596379,0.5265496657351414,0.9253584779185257
urandom934-1MB.bin,12,0.526132313587763,0.5274185609575432,0.9229797513484975
urandom594-1MB.bin,12,0.5256203074436894,0.5269066231634536,0.9243807805299
urandom175-1MB.bin,12,0.525874310491726,0.5271605924729863,0.923685568184699
urandom535-1MB.bin,12,0.5258493101917223,0.5271355955085086,0.9237539796939258
urandom828-1MB.bin,12,0.5259293111517338,0.5272155857834566,0.9235350743135253
urandom873-1MB.bin,12,0.5257723092677112,0.5270586048376036,0.9239647075830955
urandom364-1MB.bin,12,0.5255323063876767,0.5268186337185341,0.9246217198740069
urandom130-1MB.bin,12,0.5254383052596631,0.5267246449490346,0.9248791314768552
urandom241-1MB.bin,12,0.5255633067596811,0.5268496300048369,0.924536838910828
urandom802-1MB.bin,12,0.5256493077916935,0.5269356196762996,0.9243013889025842
urandom190-1MB.bin,12,0.5255363064356773,0.5268226332396266,0.9246107672102738
urandom939-1MB.bin,12,0.5253483041796502,0.5266346556588156,0.9251256325576791
urandom527-1MB.bin,12,0.5255893070716848,0.5268756268862904,0.9244656522865844
urandom363-1MB.bin,12,0.5254003048036576,0.5266866494760523,0.9249832045597274
urandom206-1MB.bin,12,0.525792309507714,0.5270786024174104,0.9239099700991664
urandom801-1MB.bin,12,0.5258433101197214,0.5271295962365529,0.9237703989401789
urandom901-1MB.bin,12,0.5252693032316388,0.5265556650250971,0.9253420405392527
urandom701-1MB.bin,12,0.5249922999075989,0.5262786976113591,0.9261010954061638
urandom107-1MB.bin,12,0.5254353052236627,0.5267216453067023,0.924887347499176
urandom165-1MB.bin,12,0.5255323063876767,0.5268186337185341,0.9246217198740069
urandom691-1MB.bin,12,0.5259923119077429,0.5272785781016764,0.9233627097650425
urandom542-1MB.bin,12,0.5254823057876694,0.5267686396978941,0.924758635206083
urandom987-1MB.bin,12,0.5250113001356016,0.5262976953888762,0.9260490174770045
urandom113-1MB.bin,12,0.5259143109717317,0.5272005876094257,0.9235761165354569
urandom996-1MB.bin,12,0.5253783045396545,0.5266646520935436,0.9250434608381695
urandom247-1MB.bin,12,0.5255673068076817,0.5268536295252881,0.9245258868932296
urandom955-1MB.bin,12,0.5251263015156182,0.5264126818971583,0.9257338491847432
urandom467-1MB.bin,12,0.5256553078636944,0.5269416189542764,0.9242849635955962
urandom731-1MB.bin,12,0.5254553054636656,0.5267416429213719,0.9248325749032262
urandom140-1MB.bin,12,0.525840310083721,0.5271265966005052,0.9237786086335719
urandom850-1MB.bin,12,0.5256863082356988,0.5269726152208565,0.9242001024965731
urandom786-1MB.bin,12,0.5253863046356556,0.5266726511420182,0.9250215491722085
urandom688-1MB.bin,12,0.5251903022836274,0.5264766743591004,0.925558481075904
urandom589-1MB.bin,12,0.5255963071556858,0.5268826260460843,0.924446487258748
urandom268-1MB.bin,12,0.5253643043716525,0.5266506537579165,0.9250818070565884
urandom814-1MB.bin,12,0.5256563078756945,0.526942618833921,0.9242822260626622
urandom869-1MB.bin,12,0.5250813009756117,0.5263676871846714,0.9258571676859557
urandom583-1MB.bin,12,0.525423305079661,0.5267096467369076,0.9249202120576376
urandom40-1MB.bin,12,0.5256323075876911,0.5269186217210209,0.9243479282907172
urandom616-1MB.bin,12,0.5257533090397085,0.5270396071348705,0.924016710121783
urandom774-1MB.bin,12,0.5253323039876479,0.5266186575583908,0.9251694593937473
urandom916-1MB.bin,12,0.5250313003756045,0.5263176930474035,0.9259942006405661
urandom307-1MB.bin,12,0.526118313419761,0.5274045626765194,0.9230180426035199
urandom561-1MB.bin,12,0.5260103121237455,0.527296575903111,0.9233134665436743
urandom892-1MB.bin,12,0.5249252991035892,0.5262117054336368,0.9262847536750264
urandom455-1MB.bin,12,0.5258733104797257,0.5271595925944692,0.9236883045826141
urandom116-1MB.bin,12,0.5258023096277156,0.5270886012065381,0.9238826021381062
urandom754-1MB.bin,12,0.5263183158197898,0.5276045380234918,0.9224711213596349
urandom677-1MB.bin,12,0.5247522970275643,0.526038725524101,0.9267590842194798
urandom613-1MB.bin,12,0.525909310911731,0.5271955882178234,0.9235897975362751
urandom381-1MB.bin,12,0.5254763057156686,0.5267626404145485,0.9247750659215163
urandom745-1MB.bin,12,0.5252593031116374,0.5265456662084008,0.9253694362757029
urandom68-1MB.bin,12,0.52548630583567,0.5267726392200212,0.9247476815000364
urandom481-1MB.bin,12,0.5256823081876982,0.5269686157028673,0.9242110520345542
urandom6-1MB.bin,12,0.5256183074196891,0.5269046234037866,0.9243862559760274
urandom354-1MB.bin,12,0.5256593079116949,0.5269456184728241,0.9242740134951115
urandom93-1MB.bin,12,0.5256803081636979,0.5269666159438418,0.9242165268347935
urandom511-1MB.bin,12,0.5250993011916143,0.5263856850709229,0.9258078390170988
urandom672-1MB.bin,12,0.525888310659728,0.5271745907716816,0.923647259160338
urandom197-1MB.bin,12,0.5261373136477637,0.5274235603433775,0.9229660761472425
urandom788-1MB.bin,12,0.525132301587619,0.5264186811913651,0.9257174075164863
urandom510-1MB.bin,12,0.525951311415737,0.5272375831032633,0.9234748811723998
urandom496-1MB.bin,12,0.5256503078036936,0.5269366195559753,0.924298651338398
urandom548-1MB.bin,12,0.525520306243675,0.5268066351547598,0.9246545783654784
urandom803-1MB.bin,12,0.5255853070236843,0.5268716273662944,0.9244766038456814
urandom949-1MB.bin,12,0.5255263063156758,0.52681263443674,0.9246381490259407
urandom556-1MB.bin,12,0.5252813033756405,0.52656766360445,0.9253091663440655
urandom558-1MB.bin,12,0.5256293075516906,0.5269156220816988,0.9243561412801885
urandom323-1MB.bin,12,0.5250993011916143,0.5263856850709229,0.9258078390170988
urandom644-1MB.bin,12,0.525930311163734,0.5272165856616841,0.9235323382070232
urandom30-1MB.bin,12,0.5253853046236555,0.526671651260977,0.9250242881122043
urandom22-1MB.bin,12,0.5260613127357529,0.5273475696647398,0.9231739532350673
urandom864-1MB.bin,12,0.5257023084277012,0.5269886132919852,0.9241563051779269
urandom83-1MB.bin,12,0.5255633067596811,0.5268496300048369,0.924536838910828
urandom186-1MB.bin,12,0.5263973167678012,0.5276835282285306,0.9222551447349664
urandom189-1MB.bin,12,0.5252443029316352,0.5265306679823867,0.9254105308584822
urandom982-1MB.bin,12,0.5257933095197143,0.5270796022963465,0.9239072332796338
urandom608-1MB.bin,12,0.5259153109837318,0.5272015874877306,0.923573380350904
urandom520-1MB.bin,12,0.5254183050196602,0.5267046473326066,0.9249339058452255
urandom993-1MB.bin,12,0.5260433125197502,0.5273295718680543,0.9232231916816122
urandom974-1MB.bin,12,0.5253263039156469,0.52661265827039,0.9251858948014635
urandom875-1MB.bin,12,0.5253563042756513,0.5266426547085316,0.9251037196402666
urandom663-1MB.bin,12,0.5253743044916539,0.5266606525691822,0.9250544167962893
urandom981-1MB.bin,12,0.5253943047316568,0.5266806501901619,0.9249996378399437
urandom784-1MB.bin,12,0.525944311331736,0.5272305839563237,0.9234940332623268
urandom525-1MB.bin,12,0.5254143049716596,0.5267006478090726,0.9249448609691366
urandom984-1MB.bin,12,0.5261173134077609,0.5274035627992647,0.9230207777321598
urandom23-1MB.bin,12,0.525785309423713,0.5270716032647134,0.9239291279816622
urandom441-1MB.bin,12,0.5258103097237167,0.5270966002374676,0.923860708144075
urandom826-1MB.bin,12,0.525423305079661,0.5267096467369076,0.9249202120576376
urandom743-1MB.bin,12,0.5258273099277191,0.5271135981770938,0.9238141845129376
urandom703-1MB.bin,12,0.5250013000156002,0.5262876965588368,0.9260764266784305
urandom772-1MB.bin,12,0.5252353028236338,0.5265216690462196,0.9254351881715623
urandom422-1MB.bin,12,0.5251213014556174,0.5264076824851769,0.9257475507184844
urandom744-1MB.bin,12,0.525937311247735,0.5272235848091306,0.9235131856071992
urandom242-1MB.bin,12,0.5255963071556858,0.5268826260460843,0.924446487258748
urandom70-1MB.bin,12,0.5258013096157154,0.5270876013276485,0.9238853389107863
urandom32-1MB.bin,12,0.5258363100357204,0.5271225970857024,0.9237895549643
urandom44-1MB.bin,12,0.5255113061356737,0.5267976362314403,0.9246792227265527
urandom851-1MB.bin,12,0.525194302331628,0.5264806738872685,0.9255475212787885
urandom522-1MB.bin,12,0.5251313015756189,0.5264176813090103,0.9257201477814813
urandom927-1MB.bin,12,0.5254163049956599,0.52670264757085,0.9249393833967541
urandom832-1MB.bin,12,0.5258183098197179,0.5271045992680663,0.9238388144832022
urandom25-1MB.bin,12,0.52555530666368,0.5268416309636862,0.92455874319613
urandom970-1MB.bin,12,0.5253293039516475,0.5266156579144137,0.9251776770741373
urandom358-1MB.bin,12,0.5255313063756765,0.526817633838248,0.924624458052968
urandom220-1MB.bin,12,0.5260013120157442,0.5272875770026032,0.9233380879436841
urandom972-1MB.bin,12,0.5258143097717173,0.5271005997528083,0.9238497612719944
urandom253-1MB.bin,12,0.5255613067356808,0.5268476302445803,0.9245423149508901
urandom184-1MB.bin,12,0.5258113097357169,0.5270976001163107,0.9238579714182461
urandom642-1MB.bin,12,0.5249192990315884,0.5262057061330069,0.9263012018279599
urandom121-1MB.bin,12,0.5263063156757881,0.5275925395085093,0.9225039307720806
urandom491-1MB.bin,12,0.5250663007956096,0.5263526889448487,0.9258982762019614
urandom637-1MB.bin,12,0.5259323111877342,0.527218585418123,0.9235268660096294
urandom152-1MB.bin,12,0.525090301083613,0.5263766861280066,0.9258325031401223
urandom192-1MB.bin,12,0.5254633055596667,0.5267496419666605,0.9248106664486706
urandom297-1MB.bin,12,0.5262163145957751,0.5275025506223929,0.9227500252165801
urandom376-1MB.bin,12,0.5256583078996948,0.526944618593195,0.9242767510124196
urandom977-1MB.bin,12,0.5251723020676248,0.5264586764813203,0.9256078011960837
urandom261-1MB.bin,12,0.5258153097837174,0.5271015996316305,0.9238470245669883
urandom870-1MB.bin,12,0.525396304755657,0.526682649952146,0.9249941600590165
urandom915-1MB.bin,12,0.5258273099277191,0.5271135981770938,0.9238141845129376
urandom995-1MB.bin,12,0.5257103085237023,0.526996612327053,0.9241344070185527
urandom35-1MB.bin,12,0.5259253111037332,0.5272115862704955,0.9235460187915661
urandom340-1MB.bin,12,0.5257723092677112,0.5270586048376036,0.9239647075830955
urandom466-1MB.bin,12,0.5254003048036576,0.5266866494760523,0.9249832045597274
urandom166-1MB.bin,12,0.5254053048636583,0.5266916488808188,0.9249695103029245
urandom207-1MB.bin,12,0.5250363004356052,0.526322692461712,0.9259804967577784
urandom343-1MB.bin,12,0.5258073096877163,0.5270936006009079,0.9238689183527939
urandom326-1MB.bin,12,0.5254143049716596,0.5267006478090726,0.9249448609691366
urandom871-1MB.bin,12,0.526132313587763,0.5274185609575432,0.9229797513484975
urandom968-1MB.bin,12,0.5256873082476989,0.5269736151003408,0.9241973651250982
urandom568-1MB.bin,12,0.5252333027996337,0.5265196692825701,0.9254406676318552
urandom211-1MB.bin,12,0.5249882998595983,0.5262746980790124,0.9261120594209229
urandom183-1MB.bin,12,0.5256543078516942,0.5269406190746265,0.924287701133739
urandom941-1MB.bin,12,0.5253843046116553,0.5266706513799305,0.9250270270574146
urandom490-1MB.bin,12,0.5255383064596775,0.5268246330001418,0.9246052909096736
urandom590-1MB.bin,12,0.5253223038676464,0.5266086587449529,0.9251968518442444
urandom433-1MB.bin,12,0.5255643067716813,0.5268506298849575,0.9245341008986128
urandom389-1MB.bin,12,0.5259223110677328,0.5272085866357203,0.9235542272047315
urandom547-1MB.bin,12,0.5254993059916719,0.5267856376663625,0.9247120825313067
urandom821-1MB.bin,12,0.525368304419653,0.5266546532824847,0.9250708508898969
urandom956-1MB.bin,12,0.5252713032556391,0.5265576647883743,0.9253365614545592
urandom990-1MB.bin,12,0.5251983023796285,0.5264846734153537,0.9255365615651584
urandom614-1MB.bin,12,0.5256343076116914,0.5269206214805431,0.9243424529904487
urandom200-1MB.bin,12,0.5255583066996804,0.5268446306041565,0.9245505290500622
urandom571-1MB.bin,12,0.5255863070356844,0.5268726272463011,0.9244738659480922
urandom721-1MB.bin,12,0.5258933107197287,0.527179590163827,0.9236335776131197
urandom444-1MB.bin,12,0.5252763033156398,0.5265626641964768,0.92532286383411
urandom63-1MB.bin,12,0.5253573042876515,0.5266436545897228,0.9251009805490558
urandom693-1MB.bin,12,0.5251263015156182,0.5264126818971583,0.9257338491847432
urandom950-1MB.bin,12,0.5256483077796934,0.5269346197966188,0.9243041264719793
urandom560-1MB.bin,12,0.5256993083917006,0.5269856136537494,0.9241645170736197
urandom670-1MB.bin,12,0.5258463101557219,0.527132595872554,0.9237621892936304
urandom557-1MB.bin,12,0.5249472993675924,0.5262337028676877,0.9262244453896337
urandom643-1MB.bin,12,0.5250963011556139,0.5263826854233307,0.925816060344462
urandom914-1MB.bin,12,0.5254363052356629,0.526722645187485,0.9248846088198557
urandom416-1MB.bin,12,0.5254533054396653,0.5267396431599981,0.9248380520689911
urandom853-1MB.bin,12,0.5257463089557075,0.5270326079807613,0.9240358694256315
urandom440-1MB.bin,12,0.5256003072036864,0.5268866255658528,0.9244355359288868
urandom163-1MB.bin,12,0.5255723068676824,0.5268586289257358,0.9245121969884659
urandom487-1MB.bin,12,0.5255453065436785,0.5268316321617823,0.9245861240217176
urandom328-1MB.bin,12,0.5259593115117381,0.5272455821280267,0.9234529933817951
urandom639-1MB.bin,12,0.5252353028236338,0.5265216690462196,0.9254351881715623
urandom456-1MB.bin,12,0.5258523102277227,0.5271385951444165,0.9237457701410654
urandom362-1MB.bin,12,0.5254873058476702,0.5267736391005401,0.9247449430865546
urandom399-1MB.bin,12,0.525812309747717,0.5270985999951483,0.9238552346976237
urandom865-1MB.bin,12,0.5256663079956959,0.5269526176300834,0.9242548510197933
urandom884-1MB.bin,12,0.5248242978915747,0.5261107171815546,0.926561655977559
urandom599-1MB.bin,12,0.5256263075156902,0.5269126224423303,0.9243643543165423
urandom718-1MB.bin,12,0.5255433065196783,0.5268296324013395,0.9245916002493646
urandom636-1MB.bin,12,0.5253813045756549,0.5266676517367603,0.9250352439243286
urandom742-1MB.bin,12,0.5255713068556823,0.5268576290456566,0.9245149349589978
urandom838-1MB.bin,12,0.5252523030276364,0.5265386670364057,0.9253886136015999
urandom385-1MB.bin,12,0.5254013048156578,0.526687649357016,0.9249804656979392
urandom681-1MB.bin,12,0.5253043036516438,0.5265906608794612,0.9252461595694019
urandom492-1MB.bin,12,0.5257043084517015,0.5269906130507832,0.9241508306068372
urandom171-1MB.bin,12,0.5255513066156794,0.5268376314429868,0.9245696954638358
urandom910-1MB.bin,12,0.5259323111877342,0.527218585418123,0.9235268660096294
urandom235-1MB.bin,12,0.5252963035556427,0.5265826618275937,0.9252680746563346
urandom620-1MB.bin,12,0.5254603055236663,0.5267466423247161,0.9248188820800347
urandom685-1MB.bin,12,0.5252133025596307,0.5264996716449365,0.9254954633825611
urandom374-1MB.bin,12,0.5255683068196818,0.526854629405388,0.9245231489018562
urandom565-1MB.bin,12,0.5259073108877307,0.5271935884611463,0.9235952699730279
urandom405-1MB.bin,12,0.5260283123397481,0.5273145737028694,0.9232642250076435
urandom986-1MB.bin,12,0.525132301587619,0.5264186811913651,0.9257174075164863
urandom795-1MB.bin,12,0.5252503030036361,0.526536667272932,0.92539409288452
urandom519-1MB.bin,12,0.5258083096997164,0.5270946004797663,0.9238661816113487
urandom395-1MB.bin,12,0.5255883070596847,0.5268746270062992,0.9244683901685437
urandom212-1MB.bin,12,0.5255663067956815,0.526852629645183,0.9245286248898138
urandom951-1MB.bin,12,0.5252613031356377,0.5265476659717815,0.9253639570866813
urandom528-1MB.bin,12,0.52541730500766,0.5267036474517307,0.9249366446183835
urandom946-1MB.bin,12,0.5257103085237023,0.526996612327053,0.9241344070185527
urandom513-1MB.bin,12,0.525951311415737,0.5272375831032633,0.9234748811723998
urandom311-1MB.bin,12,0.5253223038676464,0.5266086587449529,0.9251968518442444
urandom515-1MB.bin,12,0.5250193002316028,0.5263056944525354,0.9260270904918085
urandom958-1MB.bin,12,0.5251093013116157,0.5263956838958941,0.9257804349318323
urandom798-1MB.bin,12,0.5255863070356844,0.5268726272463011,0.9244738659480922
urandom591-1MB.bin,12,0.5257963095557147,0.5270826019331236,0.9238990228522718
urandom123-1MB.bin,12,0.5253493041916503,0.5266356555400482,0.9251228934247511
urandom393-1MB.bin,12,0.5256313075756909,0.526917621841252,0.9243506659486652
urandom174-1MB.bin,12,0.5256613079356952,0.5269476182320669,0.9242685384761207
urandom277-1MB.bin,12,0.5252763033156398,0.5265626641964768,0.92532286383411
urandom706-1MB.bin,12,0.5250813009756117,0.5263676871846714,0.9258571676859557
urandom346-1MB.bin,12,0.5253273039276471,0.5266136581517364,0.9251831555538063
urandom898-1MB.bin,12,0.5254013048156578,0.526687649357016,0.9249804656979392
urandom15-1MB.bin,12,0.5262693152317828,0.527555544082623,0.9226050978372796
urandom386-1MB.bin,12,0.5256973083677005,0.5269836138948998,0.9241699916967869
urandom13-1MB.bin,12,0.5254453053436641,0.5267316441142957,0.9248599609405593
urandom438-1MB.bin,12,0.5254843058116697,0.526770639458968,0.9247531583426357
urandom227-1MB.bin,12,0.5254133049596595,0.5266996479281763,0.9249475997631477
urandom749-1MB.bin,12,0.5250063000756009,0.526292695973921,0.9260627220124484
urandom811-1MB.bin,12,0.5257603091237095,0.5270466062887263,0.9239975510730642
urandom209-1MB.bin,12,0.5257073084877019,0.5269936126889414,0.9241426187892604
urandom675-1MB.bin,12,0.5252443029316352,0.5265306679823867,0.9254105308584822
urandom8-1MB.bin,12,0.5249922999075989,0.5262786976113591,0.9261010954061638
urandom660-1MB.bin,12,0.5257263087157046,0.5270126103961954,0.9240906116996508
urandom740-1MB.bin,12,0.5251783021396257,0.5264646757740998,0.9255913609681725
urandom449-1MB.bin,12,0.5258313099757197,0.5271175976920828,0.9238032379948243
urandom258-1MB.bin,12,0.5257833093997129,0.5270696035067535,0.9239346017092295
urandom792-1MB.bin,12,0.5252773033276399,0.5265636640780818,0.9253201243256688
urandom219-1MB.bin,12,0.5251993023916287,0.5264856732973621,0.9255338216497951
urandom932-1MB.bin,12,0.5249832997995976,0.5262696986634626,0.9261257645568647
urandom483-1MB.bin,12,0.525708308499702,0.526994612568317,0.9241398815271504
urandom109-1MB.bin,12,0.5255703068436821,0.5268566291655722,0.9245176729347404
urandom820-1MB.bin,12,0.5248162977955736,0.526102718109828,0.9265835911111066
urandom872-1MB.bin,12,0.5253833045996552,0.526669651498879,0.9250297660078384
urandom938-1MB.bin,12,0.525389304671656,0.5266756507851108,0.9250133323835049
urandom890-1MB.bin,12,0.5253073036876442,0.5265936605238262,0.9252379414978604
urandom309-1MB.bin,12,0.5252163025956311,0.5265026712907134,0.9254872438869145
urandom780-1MB.bin,12,0.5254943059316712,0.5267806382640271,0.9247257743381186
urandom846-1MB.bin,12,0.5261143133717605,0.5274005631674693,0.923028983149278
urandom678-1MB.bin,12,0.5256863082356988,0.5269726152208565,0.9242001024965731
urandom707-1MB.bin,12,0.5261343136117633,0.5274205607118925,0.9229742812523978
urandom912-1MB.bin,12,0.5259033108397301,0.5271895889477299,0.9236062149089779
urandom153-1MB.bin,12,0.5253153037836454,0.5266016595752385,0.9252160268699003
urandom117-1MB.bin,12,0.5253763045156542,0.5266626523313732,0.9250489388068011
urandom710-1MB.bin,12,0.525437305247663,0.5267236450682624,0.9248818701457489
urandom555-1MB.bin,12,0.5255643067716813,0.5268506298849575,0.9245341008986128
urandom989-1MB.bin,12,0.5254773057276687,0.5267636402951189,0.9247723274559139
urandom143-1MB.bin,12,0.5256303075636908,0.526916621961478,0.9243534036118222
urandom647-1MB.bin,12,0.5256223074676896,0.5269086229230998,0.9243753051046103
urandom524-1MB.bin,12,0.5256583078996948,0.526944618593195,0.9242767510124196
urandom687-1MB.bin,12,0.5252593031116374,0.5265456662084008,0.9253694362757029
urandom380-1MB.bin,12,0.5253313039756478,0.5266176576770702,0.9251721986153288
urandom839-1MB.bin,12,0.525881310575727,0.5271675916224606,0.9236664135450157
urandom674-1MB.bin,12,0.5252833033996408,0.526569663367603,0.9253036873845604
urandom827-1MB.bin,12,0.5253853046236555,0.526671651260977,0.9250242881122043
urandom805-1MB.bin,12,0.5251073012876154,0.5263936841309412,0.9257859157071289
urandom45-1MB.bin,12,0.5258493101917223,0.5271355955085086,0.9237539796939258
urandom367-1MB.bin,12,0.525792309507714,0.5270786024174104,0.9239099700991664
urandom619-1MB.bin,12,0.5255723068676824,0.5268586289257358,0.9245121969884659
urandom507-1MB.bin,12,0.5258293099517194,0.5271155979345986,0.9238087112434705
urandom553-1MB.bin,12,0.5252833033996408,0.526569663367603,0.9253036873845604
urandom335-1MB.bin,12,0.5254363052356629,0.526722645187485,0.9248846088198557
urandom214-1MB.bin,12,0.5253433041196495,0.5266296562525752,0.9251393283005405
urandom371-1MB.bin,12,0.5258673104077249,0.5271535933232584,0.9237047230793957
urandom888-1MB.bin,12,0.5254383052596631,0.5267246449490346,0.9248791314768552
urandom778-1MB.bin,12,0.5258033096397157,0.5270896010854224,0.9238798653706325
urandom765-1MB.bin,12,0.5252003024036288,0.5264866731793653,0.9255310817396497
urandom913-1MB.bin,12,0.5250133001596019,0.526299695154822,0.9260435356993773
urandom215-1MB.bin,12,0.5252933035196422,0.5265796621830581,0.9252762928999945
urandom141-1MB.bin,12,0.5257803093637123,0.5270666038697747,0.9239428123396273
urandom789-1MB.bin,12,0.5252943035316424,0.5265806620645751,0.9252735534802254
urandom928-1MB.bin,12,0.5250393004716056,0.5263256921102352,0.925972274490757
urandom321-1MB.bin,12,0.5256143073716885,0.5269006238843905,0.9243972069307955
urandom920-1MB.bin,12,0.5255363064356773,0.5268226332396266,0.9246107672102738
urandom735-1MB.bin,12,0.5253273039276471,0.5266136581517364,0.9251831555538063
urandom7-1MB.bin,12,0.5258503102037224,0.5271365953871497,0.923751243171101
urandom122-1MB.bin,12,0.5254253051036613,0.5267116464985917,0.9249147345790957
urandom424-1MB.bin,12,0.52583330999972,0.5271195974495462,0.9237977647669992
urandom829-1MB.bin,12,0.5258433101197214,0.5271295962365529,0.9237703989401789
urandom929-1MB.bin,12,0.5253583042996516,0.5266446544709088,0.92509824146306
urandom142-1MB.bin,12,0.5256603079236951,0.5269466183524482,0.9242712759830115
urandom27-1MB.bin,12,0.5255673068076817,0.5268536295252881,0.9245258868932296
urandom243-1MB.bin,12,0.5255433065196783,0.5268296324013395,0.9245916002493646
urandom408-1MB.bin,12,0.5259643115717388,0.5272505815183357,0.9234393136817546
urandom178-1MB.bin,12,0.5254673056076673,0.5267536414891807,0.9247997123464928
urandom658-1MB.bin,12,0.5258763105157261,0.5271625922300047,0.9236800954044826
urandom103-1MB.bin,12,0.5253693044316532,0.526655653163614,0.9250681118612597
urandom664-1MB.bin,12,0.525437305247663,0.5267236450682624,0.9248818701457489
urandom509-1MB.bin,12,0.5256783081396976,0.5269646161847955,0.9242220016558654
urandom503-1MB.bin,12,0.5252973035676428,0.5265836617090952,0.9252653352522131
urandom669-1MB.bin,12,0.5250683008196099,0.5263546887102256,0.9258927949986309
urandom906-1MB.bin,12,0.5254753057036684,0.5267616405339726,0.9247778043923316
urandom592-1MB.bin,12,0.5251863022356268,0.5264726748308496,0.9255694409565056
urandom92-1MB.bin,12,0.5256813081756981,0.5269676158233573,0.9242137894320694
urandom96-1MB.bin,12,0.5254773057276687,0.5267636402951189,0.9247723274559139
urandom983-1MB.bin,12,0.5256173074076889,0.5269036235239453,0.9243889937069055
urandom682-1MB.bin,12,0.5254773057276687,0.5267636402951189,0.9247723274559139
urandom82-1MB.bin,12,0.525909310911731,0.5271955882178234,0.9235897975362751
urandom501-1MB.bin,12,0.5256013072156865,0.5268876254457818,0.9244327981094463
urandom633-1MB.bin,12,0.5253343040116482,0.5266206573210163,0.9251639809662294
urandom138-1MB.bin,12,0.5256553078636944,0.5269416189542764,0.9242849635955962
urandom518-1MB.bin,12,0.525757309087709,0.5270436066513905,0.924005762062704
urandom751-1MB.bin,12,0.5249832997995976,0.5262696986634626,0.9261257645568647
urandom435-1MB.bin,12,0.5253933047196566,0.526679650309162,0.9250023767382282
urandom607-1MB.bin,12,0.5254963059556714,0.5267826380249767,0.9247202975997586
urandom635-1MB.bin,12,0.5257623091477098,0.5270486060469243,0.9239920771060044
urandom463-1MB.bin,12,0.5256563078756945,0.526942618833921,0.9242822260626622
urandom104-1MB.bin,12,0.525569306831682,0.5268556292854827,0.924520410915693
urandom9-1MB.bin,12,0.5260023120277443,0.527288576880458,0.9233353522117649
urandom856-1MB.bin,12,0.5258413100957211,0.5271275964791928,0.9237758720639029
urandom330-1MB.bin,12,0.5256743080916971,0.526960616666641,0.924232951360508
urandom285-1MB.bin,12,0.5258173098077177,0.5271035993892594,0.9238415511725924
urandom530-1MB.bin,12,0.5253523042276508,0.526638655183715,0.9251146760572553
urandom476-1MB.bin,12,0.5256723080676968,0.5269586169075327,0.924238426244079
urandom866-1MB.bin,12,0.5259503114037368,0.5272365832251446,0.9234776171696379
urandom747-1MB.bin,12,0.524958299499594,0.5262447015837745,0.9261942921948736
urandom344-1MB.bin,12,0.5254293051516619,0.5267156460218981,0.9249037796845698
urandom265-1MB.bin,12,0.5255353064236771,0.5268216333593613,0.9246135053683904
urandom278-1MB.bin,12,0.5256763081156974,0.5269626164257286,0.92422747649777
urandom282-1MB.bin,12,0.5252983035796429,0.5265846615905916,0.9252625958533072
urandom169-1MB.bin,12,0.5252903034836418,0.5265766625384759,0.9252845111905967
urandom933-1MB.bin,12,0.5254093049116589,0.5266956484045389,0.9249585549913277
urandom756-1MB.bin,12,0.5252243026916323,0.5265106703458909,0.92546532546142
urandom26-1MB.bin,12,0.5254893058716704,0.5267756388615621,0.9247394662752279
urandom16-1MB.bin,12,0.5259563114757377,0.5272425824937792,0.9234612012642515
urandom667-1MB.bin,12,0.5253203038436461,0.5266066589822032,0.9252023303969268
urandom514-1MB.bin,12,0.5258363100357204,0.5271225970857024,0.9237895549643
urandom730-1MB.bin,12,0.5252693032316388,0.5265556650250971,0.9253420405392527
urandom133-1MB.bin,12,0.5256903082836994,0.5269766147387629,0.9241891530419211
urandom193-1MB.bin,12,0.5252953035436425,0.526581661946087,0.925270814065672
urandom478-1MB.bin,12,0.5253263039156469,0.52661265827039,0.9251858948014635
urandom708-1MB.bin,12,0.5254313051756621,0.5267176457835201,0.9248983022685864
urandom959-1MB.bin,12,0.5257793093517122,0.5270656039907714,0.9239455492268388
urandom538-1MB.bin,12,0.5256533078396941,0.5269396191949716,0.9242904386770905
urandom448-1MB.bin,12,0.5256583078996948,0.526944618593195,0.9242767510124196
urandom609-1MB.bin,12,0.5254803057636691,0.5267666399367995,0.9247641120903791
urandom72-1MB.bin,12,0.5258313099757197,0.5271175976920828,0.9238032379948243
urandom761-1MB.bin,12,0.5251333015996192,0.526419681073715,0.92571466725671
urandom512-1MB.bin,12,0.5252693032316388,0.5265556650250971,0.9253420405392527
urandom575-1MB.bin,12,0.5252893034716417,0.5265756626569381,0.9252872506312295
urandom236-1MB.bin,12,0.5256773081276975,0.5269636163052647,0.9242247390742135
urandom283-1MB.bin,12,0.5256203074436894,0.5269066231634536,0.9243807805299
urandom661-1MB.bin,12,0.5256513078156938,0.5269376194356459,0.92429591377942
urandom384-1MB.bin,12,0.5253413040956492,0.5266276564900427,0.9251448066341891
urandom279-1MB.bin,12,0.5254313051756621,0.5267176457835201,0.9248983022685864
urandom414-1MB.bin,12,0.5254923059076709,0.5267786385030566,0.9247312510973266
urandom110-1MB.bin,12,0.5255423065076781,0.5268286325211103,0.9245943383710045
urandom611-1MB.bin,12,0.5258663103957247,0.5271525934447051,0.9237074595137416
urandom226-1MB.bin,12,0.5256263075156902,0.5269126224423303,0.9243643543165423
urandom728-1MB.bin,12,0.5253603043236519,0.5266466542332654,0.9250927633067114
urandom425-1MB.bin,12,0.5250863010356124,0.5263726865976871,0.9258434651082932
urandom953-1MB.bin,12,0.5258023096277156,0.5270886012065381,0.9238826021381062
urandom666-1MB.bin,12,0.5255943071316855,0.526880626286169,0.9244519629549374
urandom172-1MB.bin,12,0.5263523162277948,0.5276385338118968,0.9223781654205361
urandom473-1MB.bin,12,0.5253673044076529,0.5266536534013505,0.925073589923748
urandom878-1MB.bin,12,0.5256223074676896,0.5269086229230998,0.9243753051046103
urandom880-1MB.bin,12,0.5254923059076709,0.5267786385030566,0.9247312510973266
urandom201-1MB.bin,12,0.5249892998715985,0.5262756979621068,0.9261093184094004
urandom631-1MB.bin,12,0.5256833081996984,0.5269696155823725,0.9242083146422464
urandom204-1MB.bin,12,0.525493305919671,0.5267796383835444,0.9247285127151169
urandom238-1MB.bin,12,0.5251243014916179,0.5264106821323813,0.9257393297825819
urandom493-1MB.bin,12,0.5259683116197394,0.5272545810304898,0.9234283700153684
urandom768-1MB.bin,12,0.525958311499738,0.5272445822499494,0.9234557293374112
urandom94-1MB.bin,12,0.5254493053916647,0.5267356436371883,0.9248490064630732
urandom911-1MB.bin,12,0.5256773081276975,0.5269636163052647,0.9242247390742135
urandom43-1MB.bin,12,0.5253203038436461,0.5266066589822032,0.9252023303969268
urandom275-1MB.bin,12,0.5253033036396437,0.5265896609979959,0.9252488989370135
urandom430-1MB.bin,12,0.5255403064836778,0.5268266327606365,0.924599814629917
urandom759-1MB.bin,12,0.5253733044796538,0.5266596526880789,0.9250571557988547
urandom489-1MB.bin,12,0.5260993131917583,0.5273855650077938,0.9230700109368262
urandom808-1MB.bin,12,0.5250373004476053,0.5263236923445582,0.9259777559968837
urandom907-1MB.bin,12,0.5255393064716777,0.5268256328803917,0.9246025527671897
urandom356-1MB.bin,12,0.5255383064596775,0.5268246330001418,0.9246052909096736
urandom777-1MB.bin,12,0.525465305583667,0.5267516417279309,0.924805189387157
urandom807-1MB.bin,12,0.5252573030876371,0.5265436664449995,0.9253749154855906
urandom17-1MB.bin,12,0.5250033000396005,0.526289696324886,0.9260709447963729
urandom156-1MB.bin,12,0.5254083048996588,0.5266946485236167,0.9249612938114063
urandom936-1MB.bin,12,0.525389304671656,0.5266756507851108,0.9250133323835049
urandom559-1MB.bin,12,0.5253273039276471,0.5266136581517364,0.9251831555538063
urandom653-1MB.bin,12,0.5255423065076781,0.5268286325211103,0.9245943383710045
urandom36-1MB.bin,12,0.5254343052116626,0.5267206454259146,0.9248900861837088
urandom732-1MB.bin,12,0.5254683056196674,0.5267546413697977,0.9247969738339797
urandom54-1MB.bin,12,0.5252513030156362,0.5265376671546714,0.9253913532404517
urandom390-1MB.bin,12,0.5256353076236915,0.5269216213602963,0.9243397153481284
urandom2-1MB.bin,12,0.5251713020556247,0.5264576765991723,0.9256105412523323
urandom131-1MB.bin,12,0.5258153097837174,0.5271015996316305,0.9238470245669883
urandom150-1MB.bin,12,0.5254213050556606,0.5267076469752027,0.9249256895570328
urandom816-1MB.bin,12,0.5256303075636908,0.526916621961478,0.9243534036118222
urandom676-1MB.bin,12,0.5255943071316855,0.526880626286169,0.9244519629549374
urandom567-1MB.bin,12,0.525520306243675,0.5268066351547598,0.9246545783654784
urandom369-1MB.bin,12,0.5252173026076313,0.5265036711726288,0.9254845040654669
urandom903-1MB.bin,12,0.5252873034476414,0.5265736628938471,0.9252927295281426
urandom136-1MB.bin,12,0.5254533054396653,0.5267396431599981,0.9248380520689911
urandom347-1MB.bin,12,0.525500306003672,0.5267866375468141,0.9247093441855797
urandom882-1MB.bin,12,0.5257143085717029,0.5270006118444628,0.924123458063848
urandom417-1MB.bin,12,0.5256223074676896,0.5269086229230998,0.9243753051046103
urandom879-1MB.bin,12,0.5255233062796754,0.5268096347957731,0.9246463636722588
urandom654-1MB.bin,12,0.5252453029436354,0.5265316678641572,0.9254077911831133
urandom857-1MB.bin,12,0.5255393064716777,0.5268256328803917,0.9246025527671897
urandom333-1MB.bin,12,0.5250633007596092,0.5263496892967444,0.92590649804611
urandom300-1MB.bin,12,0.5258423101077213,0.5271285963578755,0.9237731354994383
urandom102-1MB.bin,12,0.5257413088957067,0.5270276085848137,0.9240495547988727
urandom351-1MB.bin,12,0.5257703092437109,0.5270566050795091,0.9239701814460257
urandom883-1MB.bin,12,0.5253373040476486,0.5266236569649158,0.9251557633640652
urandom134-1MB.bin,12,0.5257163085957032,0.5270026116031367,0.9241179836177409
urandom960-1MB.bin,12,0.5248912986955844,0.5261777093942717,0.9263779623613321
urandom415-1MB.bin,12,0.5255813069756837,0.5268676278462155,0.9244875554881399
urandom462-1MB.bin,12,0.5255893070716848,0.5268756268862904,0.9244656522865844
urandom804-1MB.bin,12,0.5254023048276579,0.5266886492379744,0.924977726841365
urandom401-1MB.bin,12,0.5256013072156865,0.5268876254457818,0.9244327981094463
urandom164-1MB.bin,12,0.5254993059916719,0.5267856376663625,0.9247120825313067
urandom251-1MB.bin,12,0.5250313003756045,0.5263176930474035,0.9259942006405661
urandom304-1MB.bin,12,0.5254543054516654,0.5267406430406876,0.9248353134835025
urandom659-1MB.bin,12,0.525708308499702,0.526994612568317,0.9241398815271504
urandom863-1MB.bin,12,0.5258763105157261,0.5271625922300047,0.9236800954044826
urandom750-1MB.bin,12,0.5259043108517302,0.5271905888260917,0.923603478667185
urandom213-1MB.bin,12,0.5253723044676536,0.5266586528069703,0.9250598948066348
urandom626-1MB.bin,12,0.5256473077676932,0.5269336199169327,0.9243068640465837
urandom298-1MB.bin,12,0.5255473065676788,0.5268336319222044,0.9245806478149139
urandom177-1MB.bin,12,0.5258133097597171,0.5270995998739809,0.9238524979822061
urandom350-1MB.bin,12,0.5254973059676716,0.5267836379054438,0.9247175592383963
urandom794-1MB.bin,12,0.5253373040476486,0.5266236569649158,0.9251557633640652
urandom755-1MB.bin,12,0.5256713080556966,0.5269576170279706,0.9242411636936774
urandom439-1MB.bin,12,0.5247872974475694,0.5260737214720448,0.9266631087736756
urandom114-1MB.bin,12,0.5255773069276831,0.526863628326054,0.9244985072139602
urandom809-1MB.bin,12,0.5252683032196387,0.5265546651434508,0.9253447800894237
urandom775-1MB.bin,12,0.525451305415665,0.5267376433986035,0.9248435292556068
urandom345-1MB.bin,12,0.5256793081516978,0.5269656160643214,0.9242192642427249
urandom506-1MB.bin,12,0.5249242990915891,0.5262107055502114,0.9262874950207907
urandom239-1MB.bin,12,0.525750309003708,0.5270366074974261,0.9240249212207633
urandom715-1MB.bin,12,0.5257303087637052,0.5270166099132741,0.9240796630782192
urandom306-1MB.bin,12,0.5250273003276039,0.5263136935158634,0.9260051638407755
urandom909-1MB.bin,12,0.5253383040596488,0.5266246568462053,0.9251530241737737
urandom624-1MB.bin,12,0.5252523030276364,0.5265386670364057,0.9253886136015999
urandom457-1MB.bin,12,0.5254023048276579,0.5266886492379744,0.924977726841365
urandom695-1MB.bin,12,0.5254363052356629,0.526722645187485,0.9248846088198557
urandom991-1MB.bin,12,0.525888310659728,0.5271745907716816,0.923647259160338
urandom985-1MB.bin,12,0.5253323039876479,0.5266186575583908,0.9251694593937473
urandom355-1MB.bin,12,0.5255723068676824,0.5268586289257358,0.9245121969884659
urandom199-1MB.bin,12,0.525375304503654,0.5266616524502802,0.9250516777989383
urandom39-1MB.bin,12,0.5254183050196602,0.5267046473326066,0.9249339058452255
urandom101-1MB.bin,12,0.5257343088117057,0.52702060943027,0.9240687145401032
urandom734-1MB.bin,12,0.5254093049116589,0.5266956484045389,0.9249585549913277
urandom176-1MB.bin,12,0.5263183158197898,0.5276045380234918,0.9224711213596349
urandom406-1MB.bin,12,0.5252633031596379,0.5265496657351414,0.9253584779185257
urandom271-1MB.bin,12,0.525701308415701,0.5269876134125784,0.9241590424712836
urandom409-1MB.bin,12,0.5255783069396833,0.5268646282061022,0.9244957692746897
urandom812-1MB.bin,12,0.5255713068556823,0.5268576290456566,0.9245149349589978
urandom899-1MB.bin,12,0.525403304839658,0.5266896491189277,0.9249749879900047
urandom120-1MB.bin,12,0.5258693104317251,0.5271555930803493,0.9236992502263175
urandom237-1MB.bin,12,0.5257193086317036,0.5270056112411086,0.9241097719876364
urandom796-1MB.bin,12,0.5251553018636224,0.5264416784841005,0.9256543828620133
urandom665-1MB.bin,12,0.5248292979515754,0.5261157166012156,0.9265479466889102
urandom240-1MB.bin,12,0.52534730416765,0.5266336557775778,0.9251283716958218
urandom370-1MB.bin,12,0.5253773045276543,0.5266636522124609,0.9250461998198783
urandom196-1MB.bin,12,0.5251613019356233,0.5264476777774076,0.9256379421018296
urandom137-1MB.bin,12,0.5257243086917043,0.527010610637625,0.9240960860416101
urandom769-1MB.bin,12,0.5257003084037009,0.5269866135331666,0.9241617797698476
urandom711-1MB.bin,12,0.5255373064476774,0.5268236331198869,0.9246080290573679
urandom572-1MB.bin,12,0.5251353016236194,0.5264216808383988,0.9257091867528151
urandom149-1MB.bin,12,0.5255923071076853,0.5268786265262332,0.9244574386719662
